subscription_id,account_id,start_date,end_date,plan_tier,seats,mrr_amount,arr_amount,is_trial,upgrade_flag,downgrade_flag,churn_flag,billing_frequency,auto_renew_flag,messiness_description
S-2a9676,A-92a3af,2024-07-23,,Pro,25,1225.0,14700.0,False,False,False,False,annual,True,no_issue
S-000001,A-503d5a,2024-05-01,,Enterprise,7,,0.0,True,False,False,False,monthly,True,null_mrr_amount
S-164594,A-c42f1f,2024-10-26,,Basic,15,285.0,3420.0,False,False,False,False,annual,False,no_issue
S-000002,A-bbc346,2024-09-16,,Enterprise,19,3781.0,45372.0,False,False,False,True,annual,True,flipped_churn_flag
S-000003,A-781cc0,2024-09-24,,Basic,34,646.0,7752.0,False,False,False,False,annual,True,no_issue
S-000004,A-9b9fe9,2024-08-17,,Pro,5,245.0,2940.0,False,False,False,False,monthly,True,no_issue
S-000005,A-faa28c,2024-06-06,,Enterprise,48,9552.0,114624.0,False,False,False,True,monthly,False,flipped_churn_flag
S-000006,A-dcc3f1,2024-10-29,,Enterprise,21,4179.0,50148.0,False,False,True,False,monthly,True,no_issue
S-000007,A-bb2f49,2024-12-07,,Basic,8,152.0,1824.0,False,False,False,False,annual,True,no_issue
S-d6106b,A-0a282f,2024-10-16,,Basic,6,114.0,1368.0,False,False,False,False,monthly,True,null_end_date
S-000008,A-054577,2024-07-17,,Enterprise,3,597.0,,False,False,True,False,annual,True,null_arr_amount
S-80c291,A-712533,2024-01-06,,Enterprise,18,3582.0,42984.0,False,False,False,False,annual,True,no_issue
S-000009,A-d82ef9,2024-07-30,,Pro,58,2842.0,34104.0,False,True,False,False,annual,True,no_issue
S-00000a,A-a33200,2024-11-16,,Pro,36,1764.0,,False,True,False,False,annual,True,null_arr_amount
S-00000b,A-a6d261,2023-12-13,,Basic,9,171.0,2052.0,False,False,False,False,monthly,True,no_issue
S-d6dc7a,A-0e966d,2024-10-02,,Pro,11,539.0,6468.0,False,False,False,False,monthly,False,no_issue
S-00000c,A-dcc2f0,2023-11-29,,Enterprise,15,2985.0,35820.0,False,False,False,False,monthly,True,no_issue
S-c4cef7,A-2e4581,2024-10-25,,Pro,13,637.0,7644.0,False,False,False,False,annual,False,no_issue
S-0386c2,A-0f6450,2024-12-28,,Enterprise,28,5572.0,66864.0,False,False,False,False,annual,True,null_end_date
S-6ff09c,A-d62e02,2024-12-11,,Basic,16,304.0,3648.0,False,False,False,True,annual,True,flipped_churn_flag
S-00000d,A-82d8a6,2024-12-22,,Basic,32,608.0,7296.0,False,False,False,False,annual,True,no_issue
S-00000e,A-9f9299,2024-04-04,,Basic,28,532.0,6384.0,False,False,False,False,monthly,True,no_issue
S-0adca9,A-b3fe05,2024-10-07,,Basic,55,1045.0,12540.0,False,False,False,False,monthly,True,no_issue
S-45baac,A-1d5444,2024-05-31,,Enterprise,24,4776.0,57312.0,False,False,False,True,monthly,False,flipped_churn_flag
S-d914d8,A-ee42db,2023-06-30,,Pro,13,0.0,0.0,True,False,True,False,monthly,True,no_issue
S-992c2a,A-d922bf,2024-08-11,,Enterprise,26,0.0,0.0,True,False,False,False,monthly,True,no_issue
S-00000f,A-700ade,2024-11-20,2024-12-04,Enterprise,9,1791.0,21492.0,False,False,False,True,annual,True,no_issue
S-000010,A-a8b49c,2024-03-23,,Enterprise,7,1393.0,16716.0,False,False,False,False,monthly,True,no_issue
S-000011,A-f03140,2024-07-10,,Basic,38,,8664.0,False,False,False,False,monthly,True,null_mrr_amount
S-000012,A-794a0b,2024-06-02,,Pro,23,0.0,,True,False,False,False,annual,False,null_arr_amount
S-0638dc,A-9779ad,2024-04-07,,Enterprise,40,7960.0,95520.0,False,False,False,False,annual,True,no_issue
S-b6f87e,A-8b25f2,2024-09-30,,Basic,10,190.0,2280.0,False,False,False,False,annual,True,no_issue
S-000013,A-eb7c38,2024-09-02,,Enterprise,15,2985.0,35820.0,False,False,False,True,annual,True,null_end_date
S-8669e4,A-6dee43,2024-08-11,2024-10-23,Pro,55,2695.0,32340.0,False,False,False,True,annual,False,no_issue
S-000014,A-bcbe98,2024-10-24,,Enterprise,46,9154.0,,False,False,False,False,annual,True,null_arr_amount
S-000015,A-e61e98,2024-01-15,,Basic,19,361.0,4332.0,False,False,False,False,monthly,True,no_issue
S-000016,A-2bc93d,2024-03-26,,Basic,95,1805.0,21660.0,False,False,False,False,monthly,True,no_issue
S-000017,A-524364,2024-12-31,,Pro,11,539.0,,False,False,False,False,monthly,True,null_arr_amount
S-000018,A-59f724,2024-08-24,,Basic,3,0.0,0.0,True,False,False,False,monthly,False,no_issue
S-374be8,A-b7ef83,2024-06-12,,Basic,23,437.0,,False,False,False,False,annual,False,null_arr_amount
S-000019,A-ba6516,2024-05-10,,Basic,27,0.0,0.0,True,False,False,False,annual,True,no_issue
S-00001a,A-751c58,2024-10-11,,Pro,45,2205.0,26460.0,False,True,False,False,monthly,True,no_issue
S-c75159,A-bcf87c,2024-08-22,2024-09-28,Enterprise,31,6169.0,74028.0,False,False,False,True,monthly,True,no_issue
S-00001b,A-e6afc1,2024-08-30,,Pro,2,98.0,1176.0,False,False,False,False,annual,True,no_issue
S-00001c,A-ed510f,2024-04-09,,Enterprise,42,8358.0,100296.0,False,False,False,False,annual,True,no_issue
S-00001d,A-9bfc9f,2024-01-01,,Basic,53,1007.0,12084.0,False,True,False,False,monthly,True,no_issue
S-9b8167,A-054577,2024-05-08,,Pro,29,1421.0,17052.0,False,False,False,False,monthly,True,no_issue
S-00001e,A-b07b56,2024-11-20,,Pro,25,1225.0,14700.0,False,False,False,False,annual,True,no_issue
S-00001f,A-625d0b,2024-11-22,,Pro,9,441.0,5292.0,False,False,False,False,annual,True,no_issue
S-000020,A-700ade,2024-11-25,,Basic,7,133.0,1596.0,False,False,False,False,annual,True,no_issue
S-000021,A-acb7f7,2024-02-16,,Enterprise,32,6368.0,76416.0,False,False,False,False,annual,True,no_issue
S-000022,A-f03140,2024-07-17,,,27,5373.0,64476.0,False,False,True,False,monthly,True,null_plan_tier
S-000023,A-956988,2024-12-05,,Enterprise,55,10945.0,131340.0,False,False,False,False,annual,True,no_issue
S-000024,A-3932db,2023-12-10,,Basic,23,437.0,5244.0,False,False,False,False,monthly,True,no_issue
S-000025,A-241e75,2024-09-08,,Basic,14,266.0,3192.0,False,False,False,True,annual,True,flipped_churn_flag
S-396546,A-832ec2,2024-02-02,,Enterprise,19,3781.0,45372.0,False,False,False,False,monthly,False,no_issue
S-ea4844,A-c16b88,2024-06-03,,Pro,23,1127.0,13524.0,False,False,False,False,monthly,True,no_issue
S-431c03,A-e4bf56,2024-12-02,2024-12-19,Enterprise,37,7363.0,88356.0,False,False,False,True,monthly,True,no_issue
S-000026,A-075038,2023-11-30,,Pro,23,0.0,0.0,True,True,False,False,monthly,True,no_issue
S-000027,A-55f257,2024-08-19,,Enterprise,21,4179.0,50148.0,False,False,False,False,monthly,False,no_issue
S-000028,A-b48f73,2024-12-06,,Enterprise,80,0.0,0.0,True,False,False,False,annual,True,no_issue
S-000029,A-39ddf4,2024-12-21,,Pro,40,1960.0,23520.0,False,False,False,False,monthly,True,no_issue
S-00002a,A-54d94a,2024-02-24,,Pro,27,1323.0,15876.0,False,False,True,True,monthly,True,null_end_date; flipped_churn_flag
S-5aa854,A-328bd0,2024-04-29,,Pro,18,882.0,10584.0,False,False,False,False,annual,True,no_issue
S-00002b,A-aa9511,2024-02-09,,Enterprise,97,19303.0,231636.0,False,False,False,False,annual,True,no_issue
S-00002c,A-0aaf6e,2024-12-26,,Enterprise,18,3582.0,42984.0,False,False,False,False,monthly,True,no_issue
S-ab0f4c,A-cd458b,2024-12-06,,Basic,25,475.0,5700.0,False,False,False,False,monthly,False,no_issue
S-00002d,A-832ec2,2024-04-07,,Basic,12,228.0,2736.0,False,False,False,False,monthly,False,no_issue
S-d538f6,A-d535f6,2024-12-15,,Enterprise,12,0.0,0.0,True,False,True,False,monthly,True,null_end_date
S-1a04fe,A-4e631b,2024-05-13,,Enterprise,22,4378.0,52536.0,False,True,False,False,annual,True,no_issue
S-9bd0ec,A-fe79a5,2024-12-26,,Enterprise,9,1791.0,21492.0,False,False,False,False,annual,True,null_end_date
S-00002e,A-eafc6e,2024-09-01,,Pro,27,1323.0,15876.0,False,False,False,False,monthly,True,no_issue
S-2573e4,A-7f8241,2024-01-25,,,60,1140.0,13680.0,False,False,False,False,monthly,True,null_plan_tier
S-695c1e,A-ce66f8,2024-07-02,,Enterprise,37,7363.0,88356.0,False,False,False,True,monthly,True,flipped_churn_flag
S-00002f,A-ff79f2,2024-07-28,,Pro,10,490.0,5880.0,False,False,False,False,monthly,False,no_issue
S-127844,A-f446b6,2024-02-11,,Enterprise,7,1393.0,16716.0,False,False,False,False,monthly,True,no_issue
S-016b5f,A-977ca0,2024-04-08,,Enterprise,6,0.0,0.0,True,False,False,False,monthly,True,no_issue
S-519f1c,A-0354fe,2024-11-03,,Basic,34,646.0,7752.0,False,False,False,False,monthly,False,no_issue
S-5178de,A-e61e98,2023-12-06,,Pro,40,1960.0,23520.0,False,False,False,False,annual,False,no_issue
S-6b534f,A-08e34e,2024-12-31,,Enterprise,14,2786.0,33432.0,False,False,False,False,monthly,True,no_issue
S-000030,A-8e47ca,2024-04-29,,Enterprise,19,3781.0,45372.0,False,False,False,False,monthly,False,no_issue
S-000031,A-55f257,2024-01-18,,Pro,9,441.0,5292.0,False,False,False,False,monthly,False,no_issue
S-e371b7,A-310452,2024-12-28,,Enterprise,50,9950.0,119400.0,False,False,False,False,monthly,True,no_issue
S-000032,A-0532a9,2024-09-26,,Basic,19,361.0,4332.0,False,False,False,False,annual,True,no_issue
S-dcc084,A-526d93,2024-10-01,,Basic,43,,9804.0,False,False,False,False,monthly,True,null_mrr_amount
S-000033,A-432483,2023-12-13,,Enterprise,60,11940.0,143280.0,False,False,False,False,monthly,False,no_issue
S-6904e6,A-39b19f,2023-02-23,,Pro,16,784.0,9408.0,False,False,False,False,monthly,True,no_issue
S-000034,A-6da850,2024-08-05,,Basic,18,0.0,0.0,True,True,False,False,monthly,True,no_issue
S-000035,A-cc102e,2024-11-06,,Pro,13,,7644.0,False,False,False,False,monthly,False,null_mrr_amount
S-000036,A-54ecc2,2023-11-26,,Basic,4,76.0,912.0,False,False,False,False,annual,True,null_end_date
S-c62bb7,A-0a62f5,2024-09-16,,Enterprise,16,3184.0,38208.0,False,False,False,False,monthly,True,no_issue
S-000037,A-f19409,2024-12-20,,Basic,35,665.0,7980.0,False,False,False,False,annual,False,no_issue
S-000038,A-54ecc2,2024-10-30,,,28,5572.0,66864.0,False,False,False,False,monthly,True,null_plan_tier
S-199697,A-bcf664,2024-11-11,,Enterprise,7,1393.0,16716.0,False,False,False,False,annual,True,no_issue
S-e98296,A-6f8ad2,2024-10-22,,Pro,16,784.0,9408.0,False,False,True,False,monthly,True,no_issue
S-000039,A-0b0d6d,2024-12-30,,Enterprise,36,7164.0,85968.0,False,False,False,False,annual,True,no_issue
S-00003a,A-7e0a10,2024-12-30,,Enterprise,70,13930.0,167160.0,False,False,False,False,annual,True,no_issue
S-00003b,A-2e4581,2024-12-22,,Basic,44,836.0,10032.0,False,False,False,False,monthly,True,null_end_date
S-00003c,A-c42f1f,2024-11-13,,Basic,28,,6384.0,False,False,False,False,annual,True,null_mrr_amount
S-00003d,A-855a48,2024-05-08,,Basic,14,266.0,3192.0,False,False,False,False,monthly,False,no_issue
S-00003e,A-e89151,2024-05-23,,,8,152.0,1824.0,False,True,False,False,monthly,True,null_plan_tier
S-1a5fa7,A-1f559b,2024-02-27,,Enterprise,26,5174.0,62088.0,False,False,False,False,annual,False,null_end_date
S-00003f,A-544d0a,2024-12-07,,Basic,2,38.0,456.0,False,False,False,False,monthly,True,no_issue
S-000040,A-bb1eaa,2024-07-28,,Basic,21,399.0,4788.0,False,False,False,False,monthly,True,no_issue
S-a68f4f,A-2ebb4b,2023-06-04,,Basic,41,0.0,0.0,True,False,False,False,monthly,True,no_issue
S-000041,A-bb1eaa,2024-12-12,,Pro,25,1225.0,14700.0,False,False,False,False,annual,True,no_issue
S-000042,A-0532a9,2024-11-26,,Pro,21,1029.0,12348.0,False,True,False,True,monthly,False,flipped_churn_flag
S-000043,A-bf7919,2024-12-21,,Pro,15,735.0,8820.0,False,False,False,False,annual,True,null_end_date; flipped_churn_flag
S-000044,A-30b4ca,2024-05-24,,Enterprise,86,17114.0,205368.0,False,False,False,False,annual,True,no_issue
S-000045,A-462d45,2024-01-16,2024-05-29,Basic,89,1691.0,,False,False,False,False,annual,False,null_arr_amount; flipped_churn_flag
S-000046,A-09316c,2024-11-27,,Pro,70,3430.0,41160.0,False,False,False,False,annual,True,no_issue
S-000047,A-de24d5,2024-12-09,2024-12-21,,77,3773.0,45276.0,False,False,False,True,annual,True,null_plan_tier
S-000048,A-2d4502,2024-09-04,,,22,4378.0,52536.0,False,False,False,False,monthly,True,null_plan_tier
S-bdf8bf,A-cdf020,2023-12-01,2024-09-23,Pro,31,,18228.0,False,False,False,False,monthly,True,null_mrr_amount; flipped_churn_flag
S-000049,A-dfbd31,2023-12-31,,Enterprise,24,0.0,0.0,True,False,False,False,monthly,True,no_issue
S-00004a,A-bb2f49,2024-06-15,,Pro,35,1715.0,20580.0,False,False,False,False,annual,True,no_issue
S-00004b,A-2bc93d,2023-07-19,,Enterprise,14,2786.0,33432.0,False,False,False,False,annual,True,no_issue
S-b01b1c,A-76fa4d,2024-12-24,,Pro,69,3381.0,40572.0,False,False,False,False,monthly,True,no_issue
S-00004c,A-7c4956,2024-08-14,,Enterprise,6,1194.0,14328.0,False,False,False,False,annual,True,no_issue
S-00004d,A-856b1e,2023-12-17,,Pro,30,1470.0,17640.0,False,False,False,False,monthly,True,no_issue
S-00004e,A-034368,2024-11-29,,Basic,29,551.0,6612.0,False,False,False,False,monthly,False,null_end_date
S-00004f,A-f97b9a,2024-06-19,,Enterprise,16,3184.0,38208.0,False,False,False,False,annual,True,no_issue
S-000050,A-94f8c9,2024-12-17,,Enterprise,36,7164.0,85968.0,False,False,False,False,annual,True,no_issue
S-000051,A-ff3c73,2023-04-08,,Basic,66,1254.0,15048.0,False,False,False,False,annual,True,null_end_date
S-cb38be,A-f92792,2024-09-05,,Basic,2,38.0,456.0,False,False,True,True,annual,True,flipped_churn_flag
S-000052,A-cdf020,2024-10-07,,Enterprise,23,4577.0,54924.0,False,True,False,False,annual,True,no_issue
S-383fc5,A-474ad4,2024-07-03,,Enterprise,8,0.0,0.0,True,False,False,False,monthly,True,no_issue
S-000053,A-2e4581,2024-12-19,,Enterprise,29,5771.0,69252.0,False,False,False,False,monthly,True,no_issue
S-000054,A-089363,2023-11-04,,Basic,40,760.0,9120.0,False,False,False,False,monthly,False,no_issue
S-000055,A-c9bb3e,2024-09-13,,Basic,26,494.0,5928.0,False,False,False,False,monthly,True,no_issue
S-000056,A-53f4e3,2024-12-03,,Basic,13,247.0,2964.0,False,False,False,True,annual,True,flipped_churn_flag
S-a7524a,A-54ecc2,2024-08-25,,Pro,13,637.0,7644.0,False,False,False,False,monthly,True,no_issue
S-2ff0ab,A-712f1c,2024-05-11,,Basic,17,323.0,3876.0,False,True,False,False,monthly,True,no_issue
S-000057,A-0f6450,2024-12-27,,Enterprise,28,0.0,0.0,True,False,False,False,monthly,True,no_issue
S-000058,A-10b8f2,2024-01-29,,Basic,47,893.0,10716.0,False,False,False,True,annual,False,flipped_churn_flag
S-000059,A-d49cc5,2024-10-09,,Pro,75,3675.0,44100.0,False,False,False,False,monthly,True,no_issue
S-00005a,A-7d514c,2024-09-08,,Basic,17,0.0,0.0,True,False,False,False,monthly,True,no_issue
S-138c41,A-00cac8,2023-12-26,,Basic,19,361.0,4332.0,False,False,False,False,annual,True,no_issue
S-00005b,A-560d27,2024-06-01,,Pro,23,1127.0,13524.0,False,False,False,False,annual,False,no_issue
S-00005c,A-5fe118,2024-12-06,,Enterprise,39,7761.0,93132.0,False,False,False,False,annual,True,no_issue
S-112733,A-71615e,2024-10-21,,Basic,15,285.0,3420.0,False,False,False,False,annual,False,no_issue
S-00005d,A-075038,2023-11-08,,Pro,17,833.0,9996.0,False,False,False,True,monthly,True,flipped_churn_flag
S-00005e,A-1e6fc3,2024-04-01,,Pro,5,245.0,2940.0,False,False,False,False,monthly,True,null_end_date
S-00005f,A-66224b,2024-12-06,,Basic,92,,20976.0,False,False,False,False,monthly,True,null_mrr_amount
S-000060,A-00cac8,2024-09-05,,Pro,8,392.0,4704.0,False,False,False,False,monthly,True,no_issue
S-000061,A-6da850,2024-01-17,,Enterprise,5,995.0,11940.0,False,False,False,True,monthly,True,flipped_churn_flag
S-000062,A-3b5cd1,2024-11-24,,Enterprise,13,2587.0,,False,False,False,False,annual,False,null_arr_amount
S-000063,A-5b4ebb,2024-10-15,,Pro,26,1274.0,15288.0,False,True,False,False,annual,True,no_issue
S-c23126,A-a45270,2024-10-31,,Enterprise,11,2189.0,26268.0,False,False,False,False,annual,False,no_issue
S-000064,A-712426,2024-12-31,,,63,0.0,0.0,True,False,False,False,annual,True,null_plan_tier
S-000065,A-cbbe12,2023-07-21,2024-10-23,Pro,40,0.0,0.0,True,False,False,False,annual,True,flipped_churn_flag
S-000066,A-87aa7b,2024-06-05,,Pro,24,1176.0,14112.0,False,False,True,False,annual,False,no_issue
S-000067,A-81edc3,2024-06-08,,Basic,24,456.0,5472.0,False,False,False,False,monthly,True,no_issue
S-465825,A-e2cd1b,2024-11-20,,Basic,18,342.0,4104.0,False,True,False,False,monthly,True,no_issue
S-b8ee76,A-7f4db3,2023-10-31,,Pro,6,294.0,3528.0,False,False,False,False,monthly,True,no_issue
S-24796e,A-cc8c8f,2024-11-27,,Enterprise,23,4577.0,54924.0,False,False,False,False,annual,False,no_issue
S-000068,A-4437e4,2024-02-12,,Pro,27,1323.0,15876.0,False,False,False,False,monthly,True,no_issue
S-000069,A-d792a6,2024-07-04,,Enterprise,4,796.0,9552.0,False,False,False,True,monthly,True,null_end_date; flipped_churn_flag
S-00006a,A-08e34e,2024-07-01,,Pro,14,686.0,8232.0,False,False,False,False,annual,True,no_issue
S-00006b,A-d82ef9,2024-08-07,,Enterprise,26,0.0,0.0,True,False,False,False,annual,True,no_issue
S-00006c,A-aa9511,2024-06-16,,Pro,23,1127.0,13524.0,False,False,False,False,monthly,True,no_issue
S-00006d,A-0dbdc6,2024-10-25,,Enterprise,30,5970.0,71640.0,False,False,False,False,monthly,False,no_issue
S-00006e,A-50f3f7,2024-10-23,,Enterprise,31,6169.0,74028.0,False,False,False,False,monthly,True,null_end_date
S-00006f,A-4c6f11,2024-08-01,,Basic,24,456.0,5472.0,False,False,False,False,monthly,True,no_issue
S-000070,A-0e966d,2024-11-15,,Enterprise,11,2189.0,26268.0,False,False,False,False,annual,True,no_issue
S-000071,A-40a557,2024-06-06,,Pro,16,784.0,9408.0,False,False,False,False,monthly,True,no_issue
S-000072,A-98a59a,2024-05-10,,Basic,56,1064.0,12768.0,False,False,False,False,monthly,False,no_issue
S-000073,A-474ad4,2024-07-02,,Pro,17,833.0,9996.0,False,False,False,False,monthly,True,no_issue
S-000074,A-dfbd31,2024-09-17,,Pro,43,2107.0,25284.0,False,True,False,False,monthly,True,no_issue
S-000075,A-b7724f,2024-12-26,,Basic,71,1349.0,16188.0,False,False,False,False,monthly,True,no_issue
S-000076,A-fa2041,2024-07-15,,Enterprise,16,3184.0,38208.0,False,False,False,True,annual,True,flipped_churn_flag
S-000077,A-7d514c,2024-12-05,,Enterprise,17,3383.0,40596.0,False,False,False,False,monthly,True,no_issue
S-65b963,A-e888d1,2024-03-04,,Basic,22,0.0,0.0,True,False,False,False,monthly,True,no_issue
S-e98121,A-56962b,2024-12-15,,Enterprise,163,32437.0,389244.0,False,False,False,False,monthly,True,no_issue
S-000078,A-4d1e75,2024-09-17,,Pro,20,980.0,11760.0,False,True,False,False,monthly,False,null_end_date
S-000079,A-297a2d,2024-08-29,,Basic,27,,6156.0,False,True,False,False,annual,True,null_mrr_amount
S-2aaca3,A-751c58,2024-12-18,,Enterprise,26,,62088.0,False,False,False,False,monthly,True,null_mrr_amount
S-00007a,A-30b4ca,2024-08-25,,Basic,86,1634.0,19608.0,False,False,False,False,monthly,True,no_issue
S-00007b,A-425e76,2024-04-16,,Basic,8,152.0,1824.0,False,False,False,False,monthly,True,no_issue
S-00007c,A-712426,2024-12-16,,Pro,9,441.0,5292.0,False,False,False,True,annual,True,flipped_churn_flag
S-7079c2,A-039727,2024-12-15,,Enterprise,25,4975.0,59700.0,False,False,True,False,annual,True,no_issue
S-00007d,A-f92792,2024-09-11,,Basic,6,0.0,0.0,True,False,False,False,monthly,True,no_issue
S-1082f7,A-c7ffc2,2023-08-21,,Basic,57,1083.0,12996.0,False,False,False,False,annual,True,no_issue
S-00007e,A-4437e4,2024-02-06,,,49,2401.0,28812.0,False,False,False,False,annual,True,null_plan_tier
S-00007f,A-f19b24,2024-03-17,,Pro,29,1421.0,17052.0,False,False,False,False,monthly,True,no_issue
S-3eb9c8,A-69fad4,2023-09-07,2024-02-11,Basic,35,665.0,7980.0,False,False,False,True,monthly,True,no_issue
S-000080,A-f44180,2023-08-31,,Enterprise,9,1791.0,21492.0,False,False,False,True,annual,True,flipped_churn_flag
S-000081,A-883b7d,2024-05-29,,Enterprise,25,4975.0,59700.0,False,False,False,False,monthly,True,no_issue
S-000082,A-4a4c2d,2024-10-03,,Basic,54,1026.0,12312.0,False,False,False,False,monthly,True,no_issue
S-000083,A-8e47ca,2024-04-26,,Enterprise,31,,74028.0,False,False,False,False,monthly,True,null_mrr_amount
S-000084,A-4437e4,2024-08-16,,Basic,11,209.0,2508.0,False,False,False,False,annual,True,no_issue
S-000085,A-eb2fdc,2024-05-22,,Enterprise,47,9353.0,112236.0,False,False,False,False,annual,True,no_issue
S-5d343c,A-9208f0,2023-09-23,,Basic,25,475.0,5700.0,False,False,False,False,annual,True,no_issue
S-fa03a5,A-7dacce,2024-11-27,,Pro,12,,7056.0,False,False,False,False,annual,True,null_mrr_amount
S-ef398a,A-b44e3e,2024-05-29,,Enterprise,40,7960.0,95520.0,False,False,False,False,annual,True,no_issue
S-000086,A-b9eed8,2024-11-30,,Basic,18,342.0,4104.0,False,False,False,False,monthly,True,no_issue
S-000087,A-a33200,2024-11-30,,Basic,29,551.0,6612.0,False,False,False,False,annual,True,no_issue
S-000088,A-bd4513,2024-12-20,,Enterprise,50,9950.0,119400.0,False,False,False,False,monthly,False,no_issue
S-000089,A-241e75,2024-07-11,,Pro,46,2254.0,27048.0,False,False,False,False,annual,True,null_end_date
S-00008a,A-bc4d48,2024-11-28,,Enterprise,35,6965.0,83580.0,False,False,False,True,annual,False,flipped_churn_flag
S-00008b,A-443b7c,2024-11-13,2024-11-21,Pro,39,0.0,0.0,True,False,False,True,monthly,False,no_issue
S-00008c,A-88c6ca,2024-11-19,,Enterprise,5,995.0,11940.0,False,False,False,False,monthly,True,no_issue
S-00008d,A-45ce7a,2024-04-13,,Pro,16,0.0,0.0,True,False,False,False,monthly,True,no_issue
S-8426e7,A-42e5e1,2024-10-18,,Enterprise,22,4378.0,52536.0,False,False,False,False,annual,True,no_issue
S-373c6e,A-dfbd31,2024-10-15,,Pro,14,686.0,8232.0,False,False,False,False,monthly,True,no_issue
S-00008e,A-0a282f,2024-10-11,,Enterprise,2,,4776.0,False,False,False,False,monthly,True,null_mrr_amount
S-00008f,A-ff3c73,2024-09-17,,Basic,45,855.0,10260.0,False,False,False,False,annual,False,no_issue
S-000090,A-3b5cd1,2024-12-24,,Enterprise,32,6368.0,76416.0,False,False,False,True,annual,True,flipped_churn_flag
S-17bbdd,A-bcbe98,2024-11-18,,Pro,46,2254.0,27048.0,False,False,False,True,annual,True,flipped_churn_flag
S-81fe83,A-b48f73,2024-11-15,,Basic,80,1520.0,18240.0,False,False,False,False,monthly,True,no_issue
S-000091,A-eafc6e,2024-08-16,,Enterprise,27,5373.0,64476.0,False,False,False,False,monthly,True,no_issue
S-b22602,A-b9f5b1,2024-05-04,2024-09-29,Enterprise,39,0.0,0.0,True,False,False,True,annual,True,no_issue
S-000092,A-712426,2024-12-15,,Pro,13,,7644.0,False,True,False,False,monthly,True,null_mrr_amount
S-000093,A-ced9aa,2024-11-23,,Pro,3,,1764.0,False,False,False,False,monthly,True,null_mrr_amount
S-000094,A-2d1036,2024-07-13,,Basic,69,1311.0,15732.0,False,False,False,False,annual,False,no_issue
S-000095,A-bad8c1,2023-12-12,,Enterprise,10,0.0,0.0,True,True,False,False,annual,True,no_issue
S-000096,A-9123ac,2024-10-21,,Enterprise,18,3582.0,42984.0,False,False,False,False,annual,True,no_issue
S-000097,A-0651a4,2024-12-25,,Enterprise,65,12935.0,155220.0,False,False,False,False,annual,True,no_issue
S-000098,A-f17767,2024-03-20,,Pro,9,441.0,5292.0,False,False,False,True,monthly,True,flipped_churn_flag
S-000099,A-4d1e75,2024-11-14,,Pro,39,1911.0,22932.0,False,False,False,False,annual,True,no_issue
S-491caf,A-6f50ae,2024-03-24,,Basic,19,361.0,4332.0,False,False,True,False,annual,False,no_issue
S-00009a,A-dfbd31,2024-10-16,,Pro,60,2940.0,35280.0,False,False,False,False,annual,True,no_issue
S-66106d,A-186a44,2024-11-02,,Enterprise,20,0.0,0.0,True,False,False,False,monthly,False,no_issue
S-00009b,A-462d45,2024-03-25,,Pro,18,882.0,10584.0,False,False,False,False,monthly,True,no_issue
S-00009c,A-5a3eb9,2023-09-21,,Pro,18,882.0,10584.0,False,False,False,True,annual,True,flipped_churn_flag
S-00009d,A-f19409,2024-10-27,,,23,1127.0,13524.0,False,False,False,False,annual,True,null_plan_tier
S-00009e,A-0aaf6e,2024-12-07,2024-12-15,Pro,12,588.0,7056.0,False,False,False,True,annual,False,no_issue
S-691d69,A-cea1f0,2024-10-18,,Enterprise,22,4378.0,52536.0,False,True,False,True,monthly,True,flipped_churn_flag
S-00009f,A-712f1c,2024-05-15,,Pro,38,,22344.0,False,True,False,False,annual,False,null_mrr_amount
S-9cca23,A-3a5ad8,2024-12-20,,Enterprise,9,1791.0,21492.0,False,False,False,False,monthly,True,no_issue
S-0000a0,A-039727,2024-12-09,,Basic,25,475.0,,False,False,False,False,annual,True,null_arr_amount
S-585d4c,A-00bed1,2024-05-06,,Enterprise,28,5572.0,66864.0,False,True,False,False,monthly,True,no_issue
S-0000a1,A-bc87bc,2024-12-15,,Basic,8,152.0,1824.0,False,False,False,False,monthly,True,no_issue
S-0000a2,A-69fad4,2023-07-24,,Basic,15,,3420.0,False,False,False,False,monthly,True,null_mrr_amount
S-0000a3,A-d5a319,2024-07-24,,Enterprise,15,2985.0,35820.0,False,True,False,False,monthly,False,no_issue
S-0000a4,A-82d8a6,2024-12-11,,,16,784.0,9408.0,False,True,False,True,monthly,True,null_plan_tier; flipped_churn_flag
S-0000a5,A-ac9111,2024-12-21,,Basic,21,399.0,4788.0,False,False,False,False,annual,True,no_issue
S-5ee117,A-f5641b,2024-07-25,,Pro,31,1519.0,18228.0,False,False,False,False,monthly,True,no_issue
S-6ee525,A-9badbd,2024-09-05,,Enterprise,23,4577.0,54924.0,False,False,False,True,annual,True,flipped_churn_flag
S-0000a6,A-2ebb4b,2024-05-25,,Pro,41,2009.0,24108.0,False,True,False,False,annual,True,no_issue
S-0000a7,A-69b156,2024-04-15,2024-07-09,,7,343.0,4116.0,False,False,False,True,annual,False,null_plan_tier
S-0000a8,A-ccc747,2024-05-13,,Enterprise,16,0.0,0.0,True,True,False,True,monthly,False,flipped_churn_flag
S-0000a9,A-6f50ae,2024-12-31,,Enterprise,19,3781.0,45372.0,False,False,False,True,monthly,True,flipped_churn_flag
S-0000aa,A-8bde0c,2024-12-20,2024-12-22,Pro,12,588.0,7056.0,False,False,False,True,monthly,True,no_issue
S-0000ab,A-503d5a,2024-06-28,,Pro,6,294.0,3528.0,False,False,False,False,monthly,True,no_issue
S-0000ac,A-5a92e7,2024-12-17,,Pro,9,0.0,0.0,True,False,False,False,monthly,True,no_issue
S-0000ad,A-544d0a,2024-09-02,,Pro,29,1421.0,17052.0,False,False,False,False,annual,False,no_issue
S-206227,A-4e960a,2024-07-10,,Enterprise,12,,28656.0,False,False,True,False,monthly,True,null_mrr_amount
S-0000ae,A-86fc1d,2024-08-08,,Pro,56,2744.0,32928.0,False,False,False,False,annual,True,no_issue
S-bd2ab2,A-186a44,2024-11-23,,Enterprise,47,9353.0,112236.0,False,False,False,False,annual,True,no_issue
S-0000af,A-c222ab,2024-08-24,,,32,1568.0,18816.0,False,False,False,False,monthly,True,null_plan_tier
S-0000b0,A-71615e,2024-07-04,,Enterprise,15,2985.0,35820.0,False,False,False,True,monthly,True,flipped_churn_flag
S-0000b1,A-1d5444,2024-09-16,,Pro,24,0.0,0.0,True,False,False,False,annual,True,no_issue
S-33472f,A-f03140,2024-03-31,,Enterprise,27,5373.0,64476.0,False,False,False,False,monthly,True,no_issue
S-0000b2,A-44dc83,2024-06-17,,,24,456.0,5472.0,False,False,False,True,annual,True,null_plan_tier; flipped_churn_flag
S-0000b3,A-2e4581,2024-10-20,,Pro,9,441.0,5292.0,False,False,False,False,monthly,True,no_issue
S-0000b4,A-993085,2023-08-05,,Basic,31,589.0,7068.0,False,False,False,False,monthly,True,no_issue
S-0000b5,A-8adedc,2024-07-17,2024-10-30,Enterprise,16,3184.0,38208.0,False,False,False,False,monthly,True,flipped_churn_flag
S-0000b6,A-0cc442,2024-07-27,,Enterprise,45,0.0,0.0,True,False,False,False,monthly,True,no_issue
S-0000b7,A-1e1b80,2024-07-05,,Enterprise,50,9950.0,119400.0,False,False,False,False,annual,False,no_issue
S-0000b8,A-cc98bc,2023-07-09,,Enterprise,32,6368.0,76416.0,False,False,False,False,monthly,True,null_end_date
S-5bbfe3,A-1ac5e0,2024-11-29,,Basic,33,627.0,7524.0,False,False,False,False,monthly,True,no_issue
S-9b8421,A-6a4e2d,2023-05-29,2024-07-19,Pro,56,0.0,0.0,True,False,False,True,annual,False,no_issue
S-0000b9,A-d27f50,2024-11-29,,Enterprise,44,0.0,0.0,True,False,False,False,monthly,True,no_issue
S-0000ba,A-17939a,2024-12-30,,Pro,31,1519.0,18228.0,False,False,False,False,annual,False,null_end_date
S-132103,A-a2485e,2024-08-08,,Pro,9,441.0,5292.0,False,False,False,False,monthly,True,no_issue
S-2fd486,A-18793f,2024-12-29,,,148,7252.0,87024.0,False,False,False,False,annual,True,null_plan_tier
S-0000bb,A-e7a1e2,2024-12-29,,Enterprise,44,8756.0,105072.0,False,False,False,True,annual,True,null_end_date; flipped_churn_flag
S-55ef07,A-94f8c9,2024-08-11,,Enterprise,13,2587.0,31044.0,False,False,False,False,annual,True,no_issue
S-0000bc,A-e40f45,2024-05-15,,Pro,44,2156.0,25872.0,False,True,False,True,monthly,True,flipped_churn_flag
S-0000bd,A-e1462e,2023-07-27,,Pro,15,735.0,8820.0,False,False,False,False,annual,False,no_issue
S-28d401,A-d792a6,2023-09-03,2024-03-04,Basic,5,95.0,1140.0,False,False,False,True,annual,True,no_issue
S-0000be,A-86fc1d,2024-08-16,,Enterprise,28,5572.0,66864.0,False,True,False,False,monthly,True,no_issue
S-0000bf,A-f17767,2023-09-17,,Pro,26,1274.0,15288.0,False,True,True,False,monthly,True,no_issue
S-0000c0,A-a45270,2024-09-23,,Basic,29,551.0,6612.0,False,True,False,False,monthly,True,no_issue
S-0000c1,A-58b9ff,2024-10-13,,Basic,22,418.0,5016.0,False,True,False,False,annual,True,no_issue
S-0000c2,A-029f69,2024-12-14,,,10,490.0,5880.0,False,False,False,False,annual,False,null_plan_tier
S-b4b400,A-35083d,2024-04-16,,Pro,19,931.0,,False,True,False,False,annual,True,null_arr_amount
S-0a765d,A-439b2f,2024-07-03,,,4,76.0,912.0,False,False,False,False,monthly,True,null_plan_tier
S-0000c3,A-90a8c8,2024-09-21,,,28,5572.0,66864.0,False,True,False,False,annual,False,null_plan_tier
S-1a2fbc,A-526d93,2024-06-29,,Basic,45,855.0,10260.0,False,False,False,False,monthly,True,no_issue
S-0e43ad,A-cc8c8f,2024-06-21,,,28,5572.0,66864.0,False,True,False,False,annual,True,null_plan_tier
S-0000c4,A-e6afc1,2024-07-12,,Enterprise,16,3184.0,38208.0,False,False,False,False,monthly,True,no_issue
S-0000c5,A-bece89,2024-05-20,,Enterprise,26,5174.0,62088.0,False,True,False,False,annual,False,no_issue
S-0000c6,A-65aeb5,2024-05-11,,Enterprise,9,,0.0,True,False,False,False,monthly,True,null_mrr_amount
S-0000c7,A-65aeb5,2024-02-02,,Basic,9,171.0,2052.0,False,False,False,False,monthly,False,no_issue
S-0000c8,A-a6d261,2024-02-25,,Pro,9,441.0,5292.0,False,False,False,False,monthly,False,no_issue
S-0000c9,A-94f8c9,2024-04-11,,Enterprise,13,2587.0,31044.0,False,True,False,False,monthly,True,no_issue
S-0000ca,A-7988d1,2024-05-18,,Basic,33,627.0,7524.0,False,False,False,False,annual,True,no_issue
S-0000cb,A-b9f5b1,2024-08-11,,Basic,43,817.0,,False,False,False,False,monthly,True,null_arr_amount
S-102053,A-4e0e85,2024-04-10,,Enterprise,6,1194.0,14328.0,False,False,False,False,monthly,True,no_issue
S-0000cc,A-0a282f,2024-11-10,,Pro,1,49.0,588.0,False,False,False,False,annual,True,no_issue
S-0000cd,A-e693b6,2024-07-19,,Enterprise,55,0.0,0.0,True,False,False,True,annual,True,null_end_date; flipped_churn_flag
S-0000ce,A-1b707d,2024-01-24,,Pro,13,637.0,7644.0,False,False,False,False,monthly,True,no_issue
S-0000cf,A-328bd0,2024-02-28,,Basic,18,342.0,4104.0,False,False,False,False,monthly,False,null_end_date
S-0000d0,A-eb7fac,2024-01-21,2024-04-22,Pro,7,343.0,4116.0,False,False,False,True,annual,True,no_issue
S-0000d1,A-9c18c4,2023-11-30,,Enterprise,12,2388.0,28656.0,False,True,False,False,annual,True,no_issue
S-0000d2,A-2e3bad,2024-01-06,,Pro,61,2989.0,35868.0,False,False,False,False,annual,False,no_issue
S-0000d3,A-427b69,2024-10-24,,Pro,17,833.0,9996.0,False,False,False,False,annual,False,no_issue
S-0000d4,A-faa28c,2024-12-25,,Pro,48,2352.0,28224.0,False,False,False,False,monthly,True,no_issue
S-0000d5,A-68f37c,2023-08-13,2024-06-22,Enterprise,4,796.0,9552.0,False,True,False,True,monthly,True,no_issue
S-8a9db8,A-474ad4,2024-11-30,2024-12-07,Enterprise,8,1592.0,19104.0,False,False,False,True,annual,True,no_issue
S-0000d6,A-6c093d,2024-03-08,2024-09-19,Pro,7,343.0,4116.0,False,False,False,True,annual,True,no_issue
S-0000d7,A-089363,2024-06-18,,Pro,34,0.0,,True,True,False,False,annual,True,null_arr_amount
S-58ccb4,A-bb1486,2024-11-18,,,41,2009.0,24108.0,False,False,True,False,monthly,True,null_plan_tier
S-0000d8,A-c222ab,2024-10-07,,Basic,32,608.0,7296.0,False,True,False,False,monthly,True,no_issue
S-0000d9,A-f9cc74,2024-12-05,,Enterprise,30,,0.0,True,True,False,False,annual,True,null_mrr_amount
S-0000da,A-4a4c2d,2023-12-25,,Enterprise,54,10746.0,128952.0,False,False,False,False,annual,False,no_issue
S-0000db,A-94c3cd,2024-08-07,,Enterprise,32,0.0,0.0,True,False,False,False,monthly,True,no_issue
S-0000dc,A-76fa4d,2024-12-08,2024-12-28,Pro,69,0.0,0.0,True,False,False,True,monthly,True,no_issue
S-0000dd,A-158f4e,2023-10-11,,Pro,61,2989.0,35868.0,False,False,False,True,annual,True,flipped_churn_flag
S-0000de,A-9174e0,2024-12-21,,Enterprise,68,0.0,0.0,True,False,False,False,monthly,False,no_issue
S-063586,A-13466a,2024-05-23,2024-09-27,Enterprise,22,4378.0,52536.0,False,False,False,True,annual,True,no_issue
S-0000df,A-e89151,2024-11-14,,Pro,31,1519.0,18228.0,False,False,False,True,monthly,True,flipped_churn_flag
S-0000e0,A-4ef964,2024-11-11,,Basic,17,323.0,3876.0,False,False,False,True,monthly,True,flipped_churn_flag
S-0000e1,A-2ebb4b,2024-05-06,,Basic,41,779.0,9348.0,False,False,False,False,monthly,True,no_issue
S-e60f46,A-eb7fac,2024-03-30,,Enterprise,7,,16716.0,False,False,False,False,annual,True,null_mrr_amount
S-a384d2,A-d62e02,2024-12-10,,Enterprise,21,4179.0,50148.0,False,False,False,True,monthly,True,flipped_churn_flag
S-0000e2,A-e1b9cd,2023-11-24,2024-06-27,Enterprise,40,7960.0,95520.0,False,False,False,True,monthly,True,no_issue
S-0000e3,A-1e1b80,2024-03-28,,Enterprise,50,9950.0,119400.0,False,False,False,False,monthly,True,no_issue
S-76eded,A-ae052e,2024-10-24,2024-12-11,Pro,39,1911.0,22932.0,False,False,False,True,monthly,True,no_issue
S-b81200,A-7c6b6b,2024-12-21,,Pro,6,294.0,3528.0,False,False,False,False,monthly,True,no_issue
S-6b97b7,A-50f3f7,2024-11-09,,Enterprise,31,6169.0,74028.0,False,False,False,False,annual,True,no_issue
S-a2ee32,A-2922b6,2024-12-15,,Basic,15,285.0,3420.0,False,False,False,False,monthly,True,no_issue
S-3445f5,A-7f6b86,2023-10-15,,,45,855.0,10260.0,False,False,False,False,annual,False,null_plan_tier
S-0000e4,A-7cfe77,2024-08-10,,Basic,69,1311.0,,False,False,False,False,monthly,True,null_arr_amount
S-0000e5,A-a09355,2024-10-27,,Enterprise,14,0.0,,True,False,False,False,monthly,True,null_arr_amount
S-0000e6,A-854864,2024-12-31,,Pro,20,980.0,11760.0,False,False,False,False,annual,True,no_issue
S-0000e7,A-d4ac0e,2024-05-10,,Basic,156,0.0,,True,False,False,False,monthly,True,null_arr_amount
S-b5b39a,A-1f0636,2024-03-17,,Pro,105,,0.0,True,False,False,False,annual,True,null_mrr_amount
S-0000e8,A-c7ffc2,2023-11-01,,Enterprise,30,5970.0,71640.0,False,True,False,False,monthly,True,no_issue
S-9686c6,A-eb2fdc,2024-05-31,2024-09-25,Pro,33,1617.0,19404.0,False,False,False,False,annual,False,flipped_churn_flag
S-e79dbc,A-2e4581,2024-10-30,,Pro,66,0.0,0.0,True,False,False,False,monthly,True,no_issue
S-601f31,A-625d0b,2024-11-09,,Pro,14,686.0,8232.0,False,False,False,False,annual,True,null_end_date
S-6055d4,A-ce550d,2024-11-13,,Enterprise,35,0.0,0.0,True,False,False,False,monthly,True,no_issue
S-dcd084,A-d27f50,2024-12-05,2024-12-09,Enterprise,48,9552.0,114624.0,False,False,False,True,annual,True,no_issue
S-755e1b,A-e4144b,2024-12-18,,Pro,41,2009.0,24108.0,False,False,False,False,annual,True,no_issue
S-0000e9,A-337bc1,2024-03-05,,Enterprise,31,6169.0,74028.0,False,False,False,False,annual,True,no_issue
S-0000ea,A-271f46,2023-07-01,,Basic,38,722.0,,False,False,False,False,monthly,True,null_arr_amount
S-0000eb,A-2e3bad,2024-09-29,,Enterprise,61,12139.0,145668.0,False,False,False,False,annual,True,no_issue
S-0000ec,A-3c1a3f,2024-09-30,,Enterprise,3,597.0,7164.0,False,False,False,False,annual,True,no_issue
S-942caf,A-812c5b,2024-11-07,,Basic,71,1349.0,16188.0,False,False,False,False,monthly,True,no_issue
S-0000ed,A-08e34e,2024-07-02,,Basic,29,0.0,0.0,True,False,False,True,annual,True,flipped_churn_flag
S-0000ee,A-712426,2024-11-17,,Pro,14,,8232.0,False,False,False,False,annual,True,null_mrr_amount
S-0000ef,A-c16b88,2024-03-08,,Pro,27,0.0,0.0,True,False,False,False,annual,True,null_end_date
S-0000f0,A-fabe19,2024-12-12,2024-12-27,Enterprise,32,6368.0,76416.0,False,False,False,True,annual,True,no_issue
S-0000f1,A-7988d1,2024-08-25,,Pro,33,1617.0,19404.0,False,False,False,False,monthly,False,null_end_date
S-788739,A-700ade,2024-11-07,,Enterprise,13,2587.0,31044.0,False,False,False,False,monthly,True,no_issue
S-0000f2,A-6843f2,2024-12-15,,Enterprise,21,4179.0,50148.0,False,False,False,False,monthly,True,no_issue
S-0000f3,A-902ef7,2024-11-07,,Basic,83,1577.0,18924.0,False,False,False,False,annual,True,no_issue
S-0000f4,A-17939a,2024-12-27,,Pro,1,49.0,588.0,False,False,False,False,annual,True,no_issue
S-0000f5,A-52dd88,2023-12-15,,Basic,23,0.0,0.0,True,False,False,False,annual,True,no_issue
S-f42cc4,A-f44180,2023-04-10,,Enterprise,14,2786.0,33432.0,False,False,False,False,annual,True,no_issue
S-0000f6,A-fdfc91,2023-09-14,,Basic,29,551.0,6612.0,False,False,False,False,annual,True,no_issue
S-0000f7,A-fa3095,2024-06-04,,Basic,70,1330.0,15960.0,False,False,False,False,annual,True,no_issue
S-0000f8,A-18793f,2024-12-24,,Basic,148,2812.0,33744.0,False,False,False,False,annual,True,no_issue
S-111683,A-e6afc1,2023-11-16,,Pro,68,3332.0,39984.0,False,False,False,False,monthly,True,no_issue
S-0000f9,A-98a59a,2023-09-27,,Basic,56,1064.0,12768.0,False,False,False,False,annual,True,no_issue
S-0000fa,A-7988d1,2024-09-28,2024-11-16,Basic,33,627.0,7524.0,False,False,False,True,monthly,False,no_issue
S-0000fb,A-39ddf4,2024-12-26,,Pro,40,1960.0,,False,False,False,False,monthly,True,null_arr_amount
S-0000fc,A-31ab9a,2024-04-01,,Enterprise,3,597.0,7164.0,False,False,False,False,annual,True,no_issue
S-27f7b2,A-a1b80b,2024-04-03,,Basic,38,722.0,8664.0,False,False,False,False,annual,True,no_issue
S-658bcb,A-0cc442,2024-08-14,,Enterprise,45,8955.0,107460.0,False,False,False,True,monthly,True,flipped_churn_flag
S-0000fd,A-cea1f0,2024-06-24,,,30,570.0,6840.0,False,False,False,False,monthly,False,null_plan_tier
S-0000fe,A-eb7c38,2024-10-28,,Enterprise,35,6965.0,83580.0,False,False,False,False,monthly,True,no_issue
S-0000ff,A-e51ec7,2024-12-19,,Enterprise,10,1990.0,23880.0,False,False,False,False,monthly,True,no_issue
S-000100,A-a1b80b,2024-08-15,,Pro,16,784.0,9408.0,False,False,False,False,annual,True,no_issue
S-000101,A-59f724,2024-01-29,,Enterprise,22,4378.0,52536.0,False,False,False,False,monthly,True,no_issue
S-000102,A-cab532,2024-11-22,,Pro,21,1029.0,12348.0,False,False,False,False,annual,True,no_issue
S-000103,A-7f29a7,2024-12-03,,Basic,41,779.0,9348.0,False,False,False,False,annual,True,no_issue
S-000104,A-6da850,2024-11-10,2024-12-09,Pro,8,392.0,4704.0,False,False,False,True,monthly,False,no_issue
S-3d0aa6,A-81edc3,2024-02-09,,Enterprise,7,0.0,0.0,True,False,False,False,monthly,True,no_issue
S-000105,A-2d4502,2024-07-19,,Enterprise,41,8159.0,97908.0,False,True,False,True,annual,True,flipped_churn_flag
S-000106,A-9badbd,2024-08-28,,Basic,17,323.0,3876.0,False,False,False,False,annual,True,no_issue
S-ce61e0,A-f3ff05,2024-08-02,2024-09-01,,2,38.0,456.0,False,True,False,False,monthly,True,null_plan_tier; flipped_churn_flag
S-000107,A-139c3b,2024-11-28,,Basic,29,551.0,6612.0,False,False,False,True,annual,True,flipped_churn_flag
S-000108,A-1b707d,2024-11-08,,Basic,24,456.0,,False,True,False,False,monthly,True,null_arr_amount
S-f12a54,A-f3ff05,2024-11-24,,Pro,2,98.0,1176.0,False,False,False,False,monthly,True,no_issue
S-000109,A-55f257,2024-03-06,,Pro,14,686.0,8232.0,False,False,False,False,monthly,True,no_issue
S-00010a,A-b07b56,2024-11-29,,Basic,25,475.0,5700.0,False,False,False,False,annual,True,no_issue
S-00010b,A-ac14bb,2024-01-16,,Enterprise,71,14129.0,,False,True,False,False,annual,True,null_arr_amount
S-a2e1dd,A-c37cab,2024-08-10,2024-09-29,Enterprise,13,0.0,0.0,True,False,False,True,monthly,True,no_issue
S-00010c,A-05f0e5,2024-11-23,,Pro,58,2842.0,34104.0,False,False,False,False,annual,True,no_issue
S-00010d,A-6843f2,2024-12-19,,Basic,21,399.0,4788.0,False,False,False,False,annual,True,no_issue
S-61d573,A-0dbdc6,2024-04-24,,,30,1470.0,17640.0,False,False,False,False,annual,True,null_plan_tier
S-00010e,A-9f9299,2023-11-24,2024-07-20,Enterprise,28,5572.0,66864.0,False,False,False,True,annual,True,no_issue
S-00010f,A-7920cc,2024-03-11,,,54,10746.0,128952.0,False,False,False,True,annual,True,null_plan_tier; flipped_churn_flag
S-000110,A-bcf87c,2024-08-14,,Pro,10,490.0,5880.0,False,False,False,False,annual,False,no_issue
S-e0cd01,A-0cc442,2024-10-21,,Basic,45,855.0,10260.0,False,False,False,False,annual,False,no_issue
S-000111,A-1b9609,2024-08-28,,Enterprise,30,,71640.0,False,False,False,False,monthly,True,null_mrr_amount
S-000112,A-bcf87c,2024-11-27,,Pro,21,1029.0,12348.0,False,False,False,False,monthly,True,null_end_date
S-8789b0,A-eb7c38,2024-04-23,2024-08-02,Basic,9,171.0,2052.0,False,True,False,False,monthly,False,flipped_churn_flag
S-000113,A-bb3bd4,2024-12-16,,Enterprise,23,0.0,0.0,True,False,False,True,annual,True,flipped_churn_flag
S-000114,A-fa3095,2024-07-08,,Enterprise,70,13930.0,167160.0,False,False,False,False,annual,True,no_issue
S-6e0edc,A-a1b80b,2024-09-07,,Enterprise,16,3184.0,38208.0,False,False,False,False,annual,True,no_issue
S-000115,A-4814a3,2024-10-19,,Enterprise,87,0.0,0.0,True,False,False,False,monthly,False,no_issue
S-000116,A-e888d1,2023-09-04,,Enterprise,16,3184.0,38208.0,False,True,False,True,monthly,True,null_end_date
S-000117,A-cb6cc6,2023-08-22,,Basic,13,247.0,2964.0,False,False,False,False,monthly,True,no_issue
S-000118,A-f9cc74,2024-10-30,,Enterprise,30,5970.0,71640.0,False,False,False,False,monthly,True,no_issue
S-000119,A-2b9d3e,2023-11-21,,Enterprise,5,995.0,11940.0,False,False,False,False,annual,True,no_issue
S-00011a,A-34d880,2024-06-04,,Pro,9,0.0,0.0,True,False,False,False,monthly,True,no_issue
S-00011b,A-ad3abd,2023-11-21,2024-02-04,Basic,44,0.0,0.0,True,False,False,True,monthly,True,no_issue
S-00011c,A-149a69,2024-12-14,,Enterprise,34,6766.0,81192.0,False,False,False,False,annual,False,no_issue
S-00011d,A-18793f,2024-12-19,,Enterprise,148,29452.0,353424.0,False,False,False,False,annual,False,null_end_date
S-00011e,A-e83938,2024-06-26,,Pro,5,245.0,2940.0,False,False,False,False,annual,True,no_issue
S-00011f,A-684255,2024-06-18,2024-08-09,Enterprise,14,0.0,0.0,True,True,False,True,monthly,True,no_issue
S-91cd9b,A-cdf020,2024-01-31,2024-07-03,Pro,45,2205.0,26460.0,False,False,False,True,annual,True,no_issue
S-000120,A-dbc825,2024-04-27,,Pro,19,931.0,11172.0,False,False,False,False,annual,True,no_issue
S-8d6cec,A-32fb14,2024-07-05,,Pro,32,1568.0,18816.0,False,True,False,False,annual,True,no_issue
S-8985d3,A-016043,2024-12-02,,Basic,26,494.0,5928.0,False,False,False,False,monthly,False,no_issue
S-3ba19e,A-075038,2024-08-10,,Basic,49,0.0,,True,False,False,False,annual,True,null_arr_amount
S-000121,A-dbc825,2024-11-25,,Basic,19,361.0,4332.0,False,False,False,False,annual,True,no_issue
S-000122,A-118d55,2024-12-30,2024-12-31,Enterprise,29,5771.0,69252.0,False,False,False,True,monthly,True,no_issue
S-000123,A-9f2731,2024-11-10,,Pro,33,1617.0,19404.0,False,False,False,False,monthly,True,no_issue
S-984f8b,A-db5e9e,2024-12-28,2024-12-28,Enterprise,17,3383.0,40596.0,False,False,True,True,annual,True,no_issue
S-31be9c,A-5f2961,2024-12-02,,Basic,55,1045.0,12540.0,False,False,False,False,monthly,False,no_issue
S-000124,A-00bed1,2024-07-16,,Enterprise,28,5572.0,66864.0,False,False,False,False,annual,True,no_issue
S-c158df,A-fa2041,2024-10-27,,,18,3582.0,42984.0,False,False,False,False,monthly,True,null_plan_tier
S-000125,A-40906c,2024-11-06,,Pro,92,4508.0,54096.0,False,False,False,False,annual,True,no_issue
S-000126,A-d792a6,2024-04-26,,Pro,4,196.0,2352.0,False,False,False,False,annual,True,no_issue
S-000127,A-8ae05d,2024-06-01,,Basic,86,,19608.0,False,False,False,False,annual,False,null_mrr_amount
S-000128,A-0a62f5,2024-12-21,,Basic,25,475.0,5700.0,False,False,False,False,monthly,True,no_issue
S-000129,A-a7bd4b,2024-05-31,,Pro,51,2499.0,29988.0,False,False,False,True,annual,True,flipped_churn_flag
S-9be237,A-a6d261,2024-09-20,,Pro,26,1274.0,15288.0,False,False,False,False,annual,True,no_issue
S-00012a,A-82d8a6,2024-12-12,,Pro,37,1813.0,21756.0,False,True,False,False,monthly,True,no_issue
S-00012b,A-0be015,2024-11-19,,Basic,24,456.0,5472.0,False,False,False,False,monthly,False,no_issue
S-5be27b,A-5b4ebb,2024-10-18,,Enterprise,21,4179.0,50148.0,False,False,False,False,annual,True,no_issue
S-00012c,A-1ac5e0,2024-11-19,,Enterprise,33,6567.0,78804.0,False,False,False,False,annual,True,no_issue
S-00012d,A-db5e9e,2024-12-05,,,23,1127.0,13524.0,False,False,False,True,monthly,False,null_plan_tier; flipped_churn_flag
S-00012e,A-d4ac0e,2024-08-09,,Basic,27,513.0,6156.0,False,True,False,False,monthly,False,no_issue
S-00012f,A-4e0e85,2024-02-16,,Pro,20,0.0,0.0,True,False,False,False,annual,True,null_end_date
S-495e57,A-bbc346,2024-08-31,2024-10-26,Pro,20,980.0,11760.0,False,True,False,False,annual,True,flipped_churn_flag
S-000130,A-378b99,2024-09-10,,Pro,19,931.0,11172.0,False,False,False,False,monthly,True,no_issue
S-28a4b7,A-1e1b80,2023-12-16,,Enterprise,50,,119400.0,False,False,False,False,annual,True,null_mrr_amount
S-000131,A-d4ac0e,2024-07-02,,Enterprise,21,0.0,0.0,True,False,False,False,monthly,True,no_issue
S-000132,A-410e86,2024-11-29,,Enterprise,24,4776.0,57312.0,False,False,False,False,annual,True,no_issue
S-000133,A-30b4ca,2024-10-03,,Basic,86,1634.0,19608.0,False,False,False,True,annual,True,flipped_churn_flag
S-000134,A-0651a4,2024-12-19,,Enterprise,36,0.0,0.0,True,False,False,False,annual,True,no_issue
S-3edc14,A-d82ef9,2024-10-04,,,26,0.0,0.0,True,False,False,False,annual,True,null_plan_tier
S-000135,A-503d5a,2024-12-19,,Enterprise,56,11144.0,133728.0,False,False,False,False,annual,False,no_issue
S-8d4b81,A-2b9d3e,2024-04-28,,Basic,1,19.0,228.0,False,False,False,False,annual,False,no_issue
S-000136,A-f3ff05,2024-08-22,,Pro,4,196.0,2352.0,False,False,False,False,annual,True,no_issue
S-000137,A-ed510f,2024-09-18,,Pro,42,2058.0,24696.0,False,False,False,False,monthly,False,no_issue
S-000138,A-7f4db3,2023-03-28,2024-06-17,Pro,4,196.0,2352.0,False,False,False,True,monthly,True,no_issue
S-000139,A-c4ea60,2024-07-20,,Pro,18,882.0,10584.0,False,False,False,False,annual,True,no_issue
S-00013a,A-dfbd31,2024-12-04,,Pro,35,1715.0,20580.0,False,False,True,False,annual,True,no_issue
S-00013b,A-02cd81,2024-06-29,,Pro,44,2156.0,25872.0,False,False,False,True,annual,True,null_end_date
S-00013c,A-4a4c2d,2023-07-03,2024-01-25,Basic,54,1026.0,12312.0,False,False,False,True,monthly,True,no_issue
S-00013d,A-18793f,2024-12-30,,Basic,148,0.0,0.0,True,True,False,False,monthly,True,no_issue
S-00013e,A-ac85cd,2024-11-09,2024-12-18,Pro,53,2597.0,31164.0,False,False,False,True,annual,True,no_issue
S-36480d,A-52dd88,2024-12-04,,Pro,30,1470.0,17640.0,False,False,False,False,annual,True,no_issue
S-33e4e2,A-a1b80b,2024-09-19,,Enterprise,16,3184.0,38208.0,False,False,True,False,annual,False,no_issue
S-00013f,A-5f2961,2024-11-27,,Enterprise,7,1393.0,16716.0,False,False,False,False,annual,True,no_issue
S-000140,A-faa28c,2024-02-05,2024-10-13,Enterprise,48,9552.0,114624.0,False,False,False,True,monthly,False,no_issue
S-000141,A-0532a9,2024-10-05,,Basic,19,361.0,4332.0,False,False,False,True,annual,False,flipped_churn_flag
S-f7fa56,A-c16cf7,2024-10-18,,Pro,13,637.0,7644.0,False,False,False,False,monthly,True,no_issue
S-000142,A-1b7577,2024-11-26,2024-12-06,Basic,4,76.0,912.0,False,False,False,True,monthly,True,no_issue
S-000143,A-df10db,2023-12-05,,Pro,7,343.0,4116.0,False,True,False,False,monthly,False,null_end_date
S-000144,A-1f559b,2023-12-12,2024-05-24,Basic,16,,3648.0,False,False,False,True,monthly,True,null_mrr_amount
S-000145,A-f97b9a,2024-11-30,,Pro,54,2646.0,31752.0,False,True,False,False,annual,False,no_issue
S-000146,A-20736a,2024-10-03,,Pro,61,2989.0,35868.0,False,False,True,False,monthly,True,no_issue
S-62af97,A-05f0e5,2023-06-30,,,46,2254.0,27048.0,False,False,False,False,annual,False,null_plan_tier
S-000147,A-cab532,2023-11-03,2024-12-14,Pro,31,1519.0,18228.0,False,False,False,True,monthly,True,no_issue
S-000148,A-3932db,2024-12-31,,Enterprise,19,0.0,0.0,True,False,False,False,monthly,True,no_issue
S-f973d4,A-5247b3,2024-07-27,,Pro,24,1176.0,14112.0,False,True,False,True,monthly,True,flipped_churn_flag
S-b12284,A-0158bb,2024-06-29,,Basic,9,171.0,2052.0,False,False,False,False,annual,False,no_issue
S-000149,A-69b156,2024-06-16,,Enterprise,13,2587.0,31044.0,False,False,False,False,monthly,True,no_issue
S-00014a,A-1f7acb,2024-07-05,,Enterprise,64,,152832.0,False,False,True,False,annual,True,null_mrr_amount
S-00014b,A-f446b6,2024-09-08,,Basic,5,95.0,1140.0,False,False,False,False,annual,True,no_issue
S-00014c,A-c37cab,2024-08-01,,Enterprise,13,2587.0,31044.0,False,False,False,False,monthly,True,no_issue
S-c021c2,A-bd4708,2024-07-24,,Enterprise,37,,88356.0,False,False,False,False,annual,True,null_mrr_amount
S-00014d,A-700ade,2024-11-11,,Pro,12,588.0,7056.0,False,False,False,False,monthly,False,no_issue
S-f4db1d,A-526d93,2024-07-05,,Enterprise,43,0.0,0.0,True,False,False,False,annual,True,no_issue
S-00014e,A-19b2c8,2023-11-06,,Enterprise,20,3980.0,47760.0,False,False,False,False,monthly,True,no_issue
S-00014f,A-3ce5b8,2024-09-30,,Basic,8,152.0,1824.0,False,False,False,False,monthly,True,no_issue
S-b8fcc5,A-dbc825,2024-06-29,2024-11-20,Basic,85,1615.0,19380.0,False,True,False,True,annual,False,no_issue
S-000150,A-a8d89d,2024-09-17,,Basic,13,247.0,2964.0,False,False,False,True,annual,True,flipped_churn_flag
S-76b06c,A-54d94a,2024-08-06,,Pro,27,1323.0,15876.0,False,False,False,False,monthly,True,no_issue
S-000151,A-b30291,2024-09-27,,Basic,41,779.0,9348.0,False,False,False,False,monthly,True,no_issue
S-4d664d,A-cc1d8d,2024-12-26,,Pro,16,784.0,9408.0,False,True,True,False,annual,True,no_issue
S-000152,A-508199,2024-01-30,,,19,3781.0,45372.0,False,False,False,False,annual,False,null_plan_tier
S-000153,A-dcc2f0,2024-09-16,2024-11-03,Pro,15,735.0,8820.0,False,False,False,True,annual,True,no_issue
S-000154,A-10b8f2,2024-08-15,,Basic,47,0.0,0.0,True,True,False,True,monthly,True,flipped_churn_flag
S-a707da,A-67be94,2024-12-18,,Pro,26,1274.0,15288.0,False,True,False,False,monthly,True,no_issue
S-000155,A-1b7577,2024-12-03,,Pro,4,196.0,2352.0,False,False,False,False,annual,True,no_issue
S-cb853a,A-c37cab,2024-12-17,,Basic,23,437.0,5244.0,False,False,False,True,annual,True,flipped_churn_flag
S-000156,A-e4144b,2024-12-22,,Enterprise,41,8159.0,97908.0,False,False,False,False,annual,True,no_issue
S-000157,A-d49cc5,2024-07-06,,Basic,50,950.0,11400.0,False,False,False,True,annual,True,null_end_date; flipped_churn_flag
S-000158,A-1ac5e0,2024-11-24,,Enterprise,33,0.0,0.0,True,False,False,False,monthly,False,no_issue
S-000159,A-c7ffc2,2023-09-22,,Basic,30,570.0,6840.0,False,True,False,False,annual,True,no_issue
S-2e017b,A-432483,2023-04-02,2023-04-05,Pro,5,245.0,2940.0,False,False,False,True,annual,True,no_issue
S-c2b710,A-88c6ca,2024-11-01,,Enterprise,5,995.0,11940.0,False,False,False,False,monthly,True,no_issue
S-00015a,A-ee42db,2023-11-03,,Basic,33,627.0,7524.0,False,False,False,False,monthly,False,no_issue
S-00015b,A-8adedc,2024-08-21,,Basic,22,418.0,5016.0,False,False,False,False,monthly,True,no_issue
S-bf9b37,A-692f18,2024-05-25,,Pro,6,294.0,3528.0,False,False,False,False,annual,True,null_end_date
S-c27e9c,A-9f2731,2024-11-02,,Basic,38,722.0,8664.0,False,False,False,False,monthly,True,no_issue
S-00015c,A-6c093d,2024-05-08,,Basic,15,285.0,3420.0,False,True,False,False,monthly,True,no_issue
S-3a28a1,A-b9f5b1,2024-07-25,,Enterprise,15,,35820.0,False,False,False,False,annual,True,null_mrr_amount
S-00015d,A-0e966d,2024-10-27,,Pro,57,2793.0,33516.0,False,False,False,False,monthly,False,no_issue
S-00015e,A-bb3bd4,2024-08-18,,Basic,23,437.0,,False,False,False,False,monthly,True,null_arr_amount
